sample	meta_sex	Sex_exp	sex_geno	f_count	m_count	sex_final	sex_code	PCW
1102	F		F	2	0	F	2	12
1117		M	M	0	2	M	1	15
1118				0	0	A	0	12
1558	F	F	F	3	0	F	2	12
1923	F	F	F	3	0	F	2	13
2143		M	M	0	2	M	1	12
11396	F	F	F	3	0	F	2	12
11449	M	M	M	0	3	M	1	14
11511	M	M	M	0	3	M	1	14
11654	F	F	F	3	0	F	2	13
11834	M			0	1	A	0	12
11875	M	M	M	0	3	M	1	19
11921	M	M	M	0	3	M	1	17
11928	M	M	M	0	3	M	1	13
12034	F	F	F	3	0	F	2	20
12036	M	M	M	0	3	M	1	20
12047	F	F	F	3	0	F	2	20
12152	M	M	M	0	3	M	1	12
12570		M	M	0	2	M	1	17
12993	M	M	M	0	3	M	1	19
13117	F	F	F	3	0	F	2	15
13142	M	M	M	0	3	M	1	19
13424		M	M	0	2	M	1	20
13454		M	M	0	2	M	1	17
13782		F	F	2	0	F	2	19
13885	F	M	F	2	1	F	2	19
13886	F	F	F	3	0	F	2	20
13901		A	F	1	0	A	0	14
13907	M	M	M	0	3	M	1	17
13910	M	M	M	0	3	M	1	16
13950		M	M	0	2	M	1	16
14105	M	M	M	0	3	M	1	15
14149		F	F	2	0	F	2	16
14159	M			0	1	A	0	20
14160	M			0	1	A	0	19
14205	M	M	M	0	3	M	1	20
14211	F	F	F	3	0	F	2	19
14284	M	M	M	0	3	M	1	18
14402	M	M	M	0	3	M	1	20
14404	M	M	M	0	3	M	1	19
14473	M	F	M	1	2	M	1	17
14493			F	1	0	A	0	15
14501		A	M	0	1	A	0	16
14521		M	M	0	2	M	1	12
14524		F	F	2	0	F	2	15
14533		M	M	0	2	M	1	13
14619		M	M	0	2	M	1	16
14703		F	F	2	0	F	2	12
14706		A	F	1	0	A	0	20
14718		M	M	0	2	M	1	13
14729		M	M	0	2	M	1	12
14746		F	F	2	0	F	2	16
14765		M	M	0	2	M	1	16
14773		F	F	2	0	F	2	17
14812		F	F	2	0	F	2	17
14821		F	F	2	0	F	2	16
14836		M	M	0	2	M	1	12
14862		F	F	2	0	F	2	12
15070		M	M	0	2	M	1	12
15091		F	F	2	0	F	2	17
15125	F	F	F	3	0	F	2	20
15135				0	0	A	0	13
15183	F	A	F	2	0	F	2	20
15217	M	M	M	0	3	M	1	19
15218	M	M	M	0	3	M	1	16
15219	M	M	M	0	3	M	1	18
15237				0	0	A	0	13
15245	M	M	M	0	3	M	1	17
15248	F			1	0	A	0	14
15249	F	F	F	3	0	F	2	13
15260	F	F	F	3	0	F	2	17
15265	F	F	F	3	0	F	2	20
15309		M	M	0	2	M	1	13
15328	F	F	F	3	0	F	2	17
15351	M	M	M	0	3	M	1	17
15355		M	M	0	2	M	1	16
15370	M	M	M	0	3	M	1	21
15426		F	F	2	0	F	2	14
15432		M	M	0	2	M	1	16
15444		F	F	2	0	F	2	12
15517	M	M	M	0	3	M	1	13
15611		M	M	0	2	M	1	unknown
15626	M	M	M	0	3	M	1	12
15658	F	F	F	3	0	F	2	14
15699	F	F	F	3	0	F	2	19
15794	F	F	F	3	0	F	2	13
15821	F	F	F	3	0	F	2	19
15895	M	M	M	0	3	M	1	15
15949		M	M	0	2	M	1	18
15955		M	M	0	2	M	1	18
15985	M	M	M	0	3	M	1	20
16011	F	F	F	3	0	F	2	21
16024		M	M	0	2	M	1	17
16246	F	F	F	3	0	F	2	15
16281	M	M	M	0	3	M	1	21
16385				0	0	A	0	16
16393	F	F	F	3	0	F	2	16
16438		F	M	1	1	A	0	21
16488	M	M	M	0	3	M	1	14
16491		M	M	0	2	M	1	13
16548	F	F	F	3	0	F	2	18
16840	F	F	F	3	0	F	2	13
16972	M	M	M	0	3	M	1	13
17048	M	M	M	0	3	M	1	16
17053	M	M	M	0	3	M	1	14
17071	M	M	M	0	3	M	1	14
17072	M	M	M	0	3	M	1	15
17086				0	0	A	0	unknown
17109	F	F	F	3	0	F	2	13
17160	F	F	F	3	0	F	2	17
17162	M	M	M	0	3	M	1	17
17167	M	M	M	0	3	M	1	13
17175	M	M	M	0	3	M	1	15
17198	F	F	F	3	0	F	2	18
17264	M	M	M	0	3	M	1	17
17369	M	M	M	0	3	M	1	15
17486	F	F	F	3	0	F	2	18
17629	M	M	M	0	3	M	1	15
17630		F	F	2	0	F	2	unknown
17634	F	F	F	3	0	F	2	21
17671	M	M	M	0	3	M	1	16
17754	M	M	M	0	3	M	1	13
17756	F	F	F	3	0	F	2	18
17767	M	M	M	0	3	M	1	12
17812	F	F	F	3	0	F	2	14
17898		M	M	0	2	M	1	14
17921	F	F	F	3	0	F	2	14
17923	F	F	F	3	0	F	2	15
17936	F	F	F	3	0	F	2	17
17940		M	M	0	2	M	1	19
17972		F	F	2	0	F	2	17
17978	M	M	M	0	3	M	1	19
18011				0	0	A	0	13
18039	F	F	F	3	0	F	2	20
18048	F	F	F	3	0	F	2	16
18061	M	M	M	0	3	M	1	20
18121	F	M	M	1	2	M	1	18
18137	M	M	M	0	3	M	1	17
18145	M	M	M	0	3	M	1	19
18372	F	F	F	3	0	F	2	13
18382	M	M	M	0	3	M	1	15
19043	F	F	F	3	0	F	2	14
12994_a		F	F	2	0	F	2	15
13008_A	F	F	F	3	0	F	2	18
14493_FC	F	F	F	3	0	F	2	14
14510_FC	F	F	F	3	0	F	2	14
14611_FC	F	F	F	3	0	F	2	15
16114_FC	M	M	M	0	3	M	1	18
17809_FC	M	M	M	0	3	M	1	16
17883_FC	M	M	M	0	3	M	1	12
12972_FC	F	F	F	3	0	F	2	14
12971_FC	F	F	F	3	0	F	2	17
13823_FC	F	F	F	3	0	F	2	18
14483_FC	F	F	F	3	0	F	2	15
18190_FC	M	M	M	0	3	M	1	12
18351_FC	M	M	M	0	3	M	1	18
